id,tipo,respondible,modelo_embeddings,k,posicion,hit,reciprocal_rank,score_top1,abstuvo,generador,retrieved_ids
1,simple,True,BAAI/bge-m3,5,2,True,0.5,0.03225806451612903,False,ollama:qwen3:1.7b,[Tocci-2007] Sistemas_Digitales_Principios_y_Aplicaciones - Cap 4-0003 [Tocci-2007] Sistemas_Digitales_Principios_y_Aplicaciones - Cap 4-0121 [Tocci-2007] Sistemas_Digitales_Principios_y_Aplicaciones - Cap 4-0002 [Tocci-2007] Sistemas_Digitales_Principios_y_Aplicaciones - Cap 4-0011 Sistemas_digitales-0018
2,simple,True,BAAI/bge-m3,5,4,True,0.25,0.03225806451612903,False,ollama:qwen3:1.7b,[Tocci-2007] Sistemas_Digitales_Principios_y_Aplicaciones - Cap 4-0085 [Tocci-2007] Sistemas_Digitales_Principios_y_Aplicaciones - Cap 4-0083 [Tocci-2007] Sistemas_Digitales_Principios_y_Aplicaciones - Cap 4-0084 [Tocci-2007] Sistemas_Digitales_Principios_y_Aplicaciones - Cap 4-0122 [Tocci-2007] Sistemas_Digitales_Principios_y_Aplicaciones - Cap 4-0087
3,simple,True,BAAI/bge-m3,5,1,True,1.0,0.03252247488101534,False,ollama:qwen3:1.7b,Sistemas_digitales-0016 Sistemas_digitales-0015 Sistemas_digitales-0018 [Tocci-2007] Sistemas_Digitales_Principios_y_Aplicaciones - Cap 4-0001 [Tocci-2007] Sistemas_Digitales_Principios_y_Aplicaciones - Cap 4-0005
4,simple,True,BAAI/bge-m3,5,,False,0.0,0.03278688524590164,False,ollama:qwen3:1.7b,elctronicabasica-1-0024 elctronicabasica-1-0023 Manual Electrónica-0005 Manual Electrónica-0019 Manual Electrónica-0020
5,multi-chunk,True,BAAI/bge-m3,5,1,True,1.0,0.03252247488101534,False,ollama:qwen3:1.7b,Sistemas_digitales-0023 Sistemas_digitales-0024 [Tocci-2007] Sistemas_Digitales_Principios_y_Aplicaciones - Cap 4-0001 Sistemas_digitales-0025 Sistemas_digitales-0022
6,multi-chunk,True,BAAI/bge-m3,5,1,True,1.0,0.03252247488101534,False,ollama:qwen3:1.7b,Sistemas_digitales-0020 [Tocci-2007] Sistemas_Digitales_Principios_y_Aplicaciones - Cap 4-0022 Sistemas_digitales-0019 Sistemas_digitales-0021 Sistemas_digitales-0022
7,multi-chunk,True,BAAI/bge-m3,5,1,True,1.0,0.03252247488101534,False,ollama:qwen3:1.7b,Manual Electrónica-0029 elctronicabasica-1-0051 elctronicabasica-1-0054 elctronicabasica-1-0050 elctronicabasica-1-0056
8,negativo,False,BAAI/bge-m3,5,,,,0.03028233151183971,True,ollama:qwen3:1.7b,[Tocci-2007] Sistemas_Digitales_Principios_y_Aplicaciones - Cap 4-0077 [Tocci-2007] Sistemas_Digitales_Principios_y_Aplicaciones - Cap 4-0005 [Tocci-2007] Sistemas_Digitales_Principios_y_Aplicaciones - Cap 4-0013 elctronicabasica-1-0014 [Tocci-2007] Sistemas_Digitales_Principios_y_Aplicaciones - Cap 4-0012
9,negativo,False,BAAI/bge-m3,5,,,,0.0315136476426799,True,ollama:qwen3:1.7b,[Tocci-2007] Sistemas_Digitales_Principios_y_Aplicaciones - Cap 4-0033 [Tocci-2007] Sistemas_Digitales_Principios_y_Aplicaciones - Cap 4-0019 [Tocci-2007] Sistemas_Digitales_Principios_y_Aplicaciones - Cap 4-0107 Sistemas_digitales-0026 [Tocci-2007] Sistemas_Digitales_Principios_y_Aplicaciones - Cap 4-0108
10,adversarial,True,BAAI/bge-m3,5,3,True,0.3333333333333333,0.03278688524590164,False,ollama:qwen3:1.7b,elctronicabasica-1-0024 elctronicabasica-1-0023 Manual Electrónica-0005 elctronicabasica-1-0054 elctronicabasica-1-0022
